skill_id	skill_name	damage_role	damage_owner	owner_record	native_path	d2moo_reference	riiablo_reference	test_reference	audit_status	riiablo_status	notes
6	Magic Arrow	weapon_and_magic_conversion_damage	skill_weapon_missile_snapshot	Skills.txt#6 physical curve+SrcDam128 and Missiles.txt magicarrow SrvDmg01	The generic skill handler creates magicarrow; missile initialization adds the skill curve and full weapon packet, then SrvDmg01 converts dl12 percent from physical to magic	Skills.cpp:D2GAME_SKILLS_Handler_6FD12BA0;D2Common/Units/Missile.cpp:MISSILE_CalculateDamageData;MissMode.cpp:MISSMODE_SrvDmg01_FireArrow_MagicArrow_ColdArrow	ServerSkillSystem generic Amazon bow path;MissileDamageResolver.initializeSkill	MagicArrowGoldenDamageTest.levelOneToTwentyPreservesD2mooTotalAcrossMagicConversion;AmazonDamageOwnershipTest.magicArrowSnapshotKeepsNativeWeaponAndMagicOwners;NativeAmazonAmmoPolicyTest.noammoOrNonBowRowsNeverConsumeAQuiver	OWNERSHIP_CONFIRMED	IMPLEMENTED_TESTED	The missile owns one skill-linked weapon snapshot; Magic Arrow keeps noammo and converts only the native dl12 share to magic. DMG-04 levels 1–20 approve the pre-resistance total integer damage; fractional physical/magic channel allocation remains DMG-06/08.
7	Fire Arrow	weapon_and_fire_conversion_damage	skill_weapon_missile_snapshot	Skills.txt#7 fire curve+SrcDam128 and firearrow SrvDmg01	The generic arrow path snapshots weapon and skill fire damage; SrvDmg01 converts the missile dl12 percentage of physical damage to fire before the one impact packet	Skills.cpp:SKILLS_SrvSt04_Arrow_Bolt;Skills.cpp:D2GAME_SKILLS_Handler_6FD12BA0;MissMode.cpp:MISSMODE_SrvDmg01_FireArrow_MagicArrow_ColdArrow	ServerSkillSystem generic Amazon bow path;MissileDamageResolver.initializeSkill	FireArrowGoldenDamageTest.levelOneToTwentyMatchesD2mooFireCurveWithoutWeaponOrSynergy;AmazonSkillSpecializationTest.elementalArrowsCaptureNativeSkillDamageAndFreezeSemantics;elementalArrowConversionUsesNativeBaseAtLevelOne;headlessAmazonBow skill=7	OWNERSHIP_CONFIRMED	IMPLEMENTED_TESTED	The skill curve and converted weapon share coexist in one authoritative firearrow snapshot. DMG-04 levels 1–20 approve the zero-weapon, zero-Exploding-Arrow-synergy fire curve; fixed weapon conversion remains DMG-06 and final resistance/pierce/absorb/PvP settlement remains DMG-08.
8	Inner Sight	target_defense_modifier	timed_target_aura_state	Skills.txt#8 AuraTargetState/AuraLenCalc/AuraRangeCalc/AuraStatCalc	SrvDo006 scans the native aura filter and installs a timed curse stat list whose armor value is the evaluated segmented formula	SkillAma.cpp:SKILLS_SrvDo006_InnerSight_SlowMissiles;SkillAma.cpp:SKILLS_AuraCallback_InnerSight_SlowMissiles	ServerSkillSystem.applyInnerSight;AmazonSkills.calculateInnerSightDefenseReduce	InnerSightGoldenDamageTest.levelOneToTwentyAreNondamagingNativeDefenseDebuffs;AmazonSkillSpecializationTest.innerSightAppliesFlatDefenseReductionToHostiles;AmazonDamageOwnershipTest.knownFormulaGapsStayBoundToNativeData	OWNERSHIP_CONFIRMED	IMPLEMENTED_TESTED	Inner Sight owns no damage packet. DMG-04 levels 1–20 are approved as explicit N/A; production now evaluates the native -edmn segmented flat armorclass curve (40..815) instead of the old linear fallback. Duration, radius, filtering and final chance-to-hit impact remain later behavior/settlement work.
9	Critical Strike	physical_critical_multiplier	permanent_passive_stat_state	Skills.txt#9 PassiveState criticalstrike+PassiveStat passive_critical_strike+dm12	Passive refresh installs the data-driven chance; the successful physical combat record consumes it as a double-damage critical roll	D2Common/D2Skills.cpp:SKILLS_RefreshPassiveSkills;SUnitDmg.cpp critical damage path;D2Common/Units/Missile.cpp:MISSILE_HasBonusStats	StateUpdater Amazon passive refresh;AmazonSkills.applyPassiveState;CombatSystem criticalStrike consumer;MissileDamageResolver passive stat snapshot	CriticalStrikeGoldenDamageTest.levelOneToTwentyAreNondamagingNativeCriticalChances;NativeAmazonPassiveDataTest.nativePassiveFormulasMatchAtRepresentativeLevels;NativeAmazonPassiveDataTest.passiveStateBridgeUsesNativeStatsAndStateIds;NativeBarbarianPassiveDataTest.selectedMasteryChangesAuthoritativeDamageHitChanceAndCriticalRoll	OWNERSHIP_CONFIRMED	IMPLEMENTED_TESTED	The skill owns a permanent chance stat rather than an independent damage packet. DMG-04 levels 1–20 are approved as explicit N/A; dm12 yields 16..68 percent. Random rolls, physical doubling, mastery/Deadly Strike priority and final settlement remain DMG-06/08.
10	Jab	three_hit_weapon_damage	one_prepared_weapon_record_per_sequence_keyframe	Skills.txt#10 SrcDam128+ToHit+Calc1 physical percent	SrvSt05 validates the target; each of the three SQ keyframes calls SrvDo007 to roll and allocate one weapon record, including Calc1 and durability drain	SkillAma.cpp:SKILLS_SrvSt05_Jab;SkillAma.cpp:SKILLS_SrvDo007_Jab	Actioneer native Jab sequence;AmazonSkills.getPhysicalDamagePercent/calculateWeaponDamage	AmazonMeleeSkillLifecycleTest.jabConsumesExactlyThreeAttackKeyframesAndStopsAfterTheThird;AmazonDamageOwnershipTest.knownFormulaGapsStayBoundToNativeData	OWNERSHIP_CONFIRMED	RIIABLO_GAP	Confirmed gap: Jab Calc1 ln34 is legitimately zero at level 6, but the current zero-as-missing fallback replaces it with +48% damage.
11	Cold Arrow	weapon_cold_and_chill_damage	skill_weapon_missile_snapshot	Skills.txt#11 cold curve/length+SrcDam128 and coldarrow SrvDmg01	The generic arrow path snapshots the weapon packet and cold curve; SrvDmg01 converts its dl12 share and the remaining cold length produces chill rather than freeze	Skills.cpp:SKILLS_SrvSt04_Arrow_Bolt;Skills.cpp:D2GAME_SKILLS_Handler_6FD12BA0;MissMode.cpp:MISSMODE_SrvDmg01_FireArrow_MagicArrow_ColdArrow	ServerSkillSystem generic Amazon bow path;MissileDamageResolver.initializeSkill;MissileCollisionSystem cold-state path	AmazonSkillSpecializationTest.elementalArrowsCaptureNativeSkillDamageAndFreezeSemantics;headlessAmazonBow skill=11	OWNERSHIP_CONFIRMED	IMPLEMENTED_TESTED	Cold Arrow owns one weapon+cold snapshot and applies native chill length.
12	Multiple Shot	multi_lane_weapon_damage	one_independent_srcdam96_missile_per_lane	Skills.txt#12 Calc1/Calc2/Calc3+SrvMissileA/B and SrcDam96	SrvDo008 builds the lane fan, marks only the centre subset for native hit semantics and creates one weapon missile per lane with the 96/128 source share	SkillAma.cpp:SKILLS_SrvDo008_MultipleShot_Teeth_ShockWave	ServerSkillSystem.spawnSrvDo008;MissileDamageResolver source packet;MissileCollisionSystem lane collision	AmazonSkillSpecializationTest.multipleShotStopsAtNativeMapBarrierBeforeTarget;headlessAmazonBow skill=12 multi-target and pierce gates	OWNERSHIP_CONFIRMED	IMPLEMENTED_TESTED	Each lane is an independent weapon snapshot; the cast total depends on targets and collisions and is not one scalar damage value.
13	Dodge	incoming_melee_damage_avoidance	permanent_passive_stat_state	Skills.txt#13 PassiveState dodge+PassiveStat passive_dodge+dm12	Passive refresh installs the melee avoidance chance; block/dodge resolution consumes it before incoming damage executes	D2Common/D2Skills.cpp:SKILLS_RefreshPassiveSkills;Skills.cpp:sub_6FD10140 block/dodge path	StateUpdater Amazon passive refresh;AmazonSkills.applyPassiveState;DefenseCalculator.checkPassiveDefense	NativeAmazonPassiveDataTest.nativePassiveFormulasMatchAtRepresentativeLevels;AmazonSkillSpecializationTest.passiveDodgeAvoidEvadeUseNativeAttackContext	OWNERSHIP_CONFIRMED	IMPLEMENTED_TESTED	Dodge owns damage prevention, not an outgoing packet.
14	Power Strike	weapon_and_lightning_melee_damage	prepared_direct_combat_record	Skills.txt#14 SrcDam128+lightning curve+synergy	SrvSt06 rolls hit once, installs elemental damage and allocates the retained weapon record; generic SrvDo002 consumes that same record at the keyframe	SkillAma.cpp:SKILLS_SrvSt06_PowerStrike_ChargedStrike;Skills.cpp:SKILLS_SrvDo002_Kick_PowerStrike_MonIceSpear_Impale_Bash_Stun_Concentrate_BearSmite_Vengeance_Berserk_FireClaws	Actioneer.prepareAmazonElementalStrike and keyframe consumer	AmazonMeleeSkillLifecycleTest.powerStrikeConsumesOnePrecomputedElementalCombatRecord;powerAndChargedStrikeDrainWeaponDurabilityOnlyAfterAConfirmedHit	OWNERSHIP_CONFIRMED	IMPLEMENTED_TESTED	One successful melee record owns both the weapon share and the skill lightning packet.
15	Poison Javelin	weapon_hit_and_poison_trail_damage	root_javelin_plus_periodic_cloud_chain	Skills.txt#15 poison rate/length+SrcDam128;Missiles.txt poisonjav/poisonjavcloud	The generic missile carries the javelin weapon hit; SrvDo02 emits moving poisonjavcloud children whose periodic packets inherit the skill poison rate and duration	Skills.cpp:D2GAME_SKILLS_Handler_6FD12BA0;MissMode.cpp:MISSMODE_SrvDo02_PlagueJavelin_PoisonJavelin_PoisonTrap;MISSMODE_SrvDo03_PoisonCloud_Blizzard_ThunderStorm_HandOfGod	ServerSkillSystem generic elemental javelin path;MissileCollisionSystem poison trail;MissileDamageResolver.initializeSkill	AmazonSkillSpecializationTest.poisonJavelinCreatesPersistentPoisonCloud;NativeAmazonPoisonJavelinDataTest.poisonJavelinsUseNativeRowsAndDistinctCastDelays;headlessAmazonMelee skill=15	OWNERSHIP_CONFIRMED	IMPLEMENTED_TESTED	The direct javelin and each periodic trail cloud have separate lifetimes; poison must later be audited as rate, length and total.
16	Exploding Arrow	weapon_impact_plus_area_fire_damage	root_weapon_arrow_and_skill_area_child	Skills.txt#16 fire curve+SrcDam128;Missiles.txt explodingarrow/explodingarrowexp2	The root arrow resolves its weapon collision; SrvHit04 creates the impact child and SrvHit01 applies the skill fire packet to each target in radius	Skills.cpp:D2GAME_SKILLS_Handler_6FD12BA0;MissMode.cpp:MISSMODE_SrvHit04_ExplodingArrow_FreezingArrow_RoyalStrikeMeteorCenter;MISSMODE_SrvHit01_Fireball_ExplodingArrow_FreezingArrowExplosion	MissileDamageResolver root/area snapshots;MissileCollisionSystem.spawnAmazonExplosion	AmazonSkillSpecializationTest.explodingArrowCreatesAuthoritativeAreaSubMissile;headlessAmazonBow skill=16	OWNERSHIP_CONFIRMED	IMPLEMENTED_TESTED	The parent owns weapon damage while the child owns the skill fire curve; they must not be collapsed into one packet.
17	Slow Missiles	projectile_velocity_modifier	timed_target_aura_state	Skills.txt#17 AuraTargetState/AuraLenCalc/AuraRangeCalc/AuraStatCalc	SrvDo006 installs the slowmissiles curse state and its missile-velocity stat on each aura-filter target	SkillAma.cpp:SKILLS_SrvDo006_InnerSight_SlowMissiles;SkillAma.cpp:SKILLS_AuraCallback_InnerSight_SlowMissiles	ServerSkillSystem.applySlowMissiles;AmazonSkills.getSlowMissilesPercent	AmazonSkillSpecializationTest.slowMissilesAppliesNativeStateAndVelocityStatInsteadOfInnerSight	OWNERSHIP_CONFIRMED	IMPLEMENTED_TESTED	Slow Missiles changes later projectile travel and has no independent direct damage packet.
18	Avoid	incoming_ranged_damage_avoidance	permanent_passive_stat_state	Skills.txt#18 PassiveState avoid+PassiveStat passive_avoid+dm12	Passive refresh installs ranged avoidance; block/dodge resolution consumes it before an incoming missile record executes	D2Common/D2Skills.cpp:SKILLS_RefreshPassiveSkills;Skills.cpp:sub_6FD10140 block/dodge path	StateUpdater Amazon passive refresh;AmazonSkills.applyPassiveState;DefenseCalculator.checkPassiveDefense	NativeAmazonPassiveDataTest.nativePassiveFormulasMatchAtRepresentativeLevels;AmazonSkillSpecializationTest.passiveDodgeAvoidEvadeUseNativeAttackContext	OWNERSHIP_CONFIRMED	IMPLEMENTED_TESTED	Avoid owns ranged damage prevention, not outgoing damage.
19	Impale	single_weapon_damage_and_item_drain	one_prepared_direct_combat_record	Skills.txt#19 Calc1 physical percent+Calc2/Calc3 quantity/durability	SrvSt07 rolls hit, applies Calc1 to the weapon packet and retains one record; on success it separately rolls stack quantity or durability loss before generic SrvDo002 consumes the record	SkillAma.cpp:SKILLS_SrvSt07_Impale;Skills.cpp:SKILLS_SrvDo002_Kick_PowerStrike_MonIceSpear_Impale_Bash_Stun_Concentrate_BearSmite_Vengeance_Berserk_FireClaws	Actioneer.prepareImpale/resolveImpale/drainImpaleDurability	AmazonMeleeSkillLifecycleTest.impalePrecomputesOneCombatRecordAndConsumesItOnceAtKeyframe;impaleConsumesNativeStackQuantityUsingCalc2Chance;impaleConsumesCalc3WeaponDurability	OWNERSHIP_CONFIRMED	IMPLEMENTED_TESTED	Impale damage and item drain share a successful-hit decision but remain distinct effects.
20	Lightning Bolt	weapon_and_lightning_conversion_damage	skill_weapon_missile_snapshot	Skills.txt#20 lightning curve+SrcDam96 and lightningjavelin SrvDmg12	The generic javelin path snapshots 96/128 of the weapon packet plus skill lightning; SrvDmg12 converts dl12 physical share to lightning on impact	Skills.cpp:D2GAME_SKILLS_Handler_6FD12BA0;MissMode.cpp:MISSMODE_SrvDmg12_LightningJavelin	ServerSkillSystem generic elemental javelin path;MissileDamageResolver.initializeSkill	AmazonSkillSpecializationTest.lightningBoltUsesNativeLightningJavelinDamageSnapshot;lightningBoltSweptCollisionAppliesSnapshotDamage	OWNERSHIP_CONFIRMED	IMPLEMENTED_TESTED	The projectile retains ToHit and owns the converted weapon plus lightning snapshot.
21	Ice Arrow	weapon_cold_and_freeze_damage	skill_weapon_missile_snapshot	Skills.txt#21 cold curve/length+SrcDam128 and icearrow SrvDmg02	The generic arrow owns the weapon+cold snapshot; SrvDmg02 converts the cold length to a freeze duration before the successful impact packet executes	Skills.cpp:SKILLS_SrvSt04_Arrow_Bolt;Skills.cpp:D2GAME_SKILLS_Handler_6FD12BA0;MissMode.cpp:MISSMODE_SrvDmg02_IceArrow_RoyalStrikeChaos	ServerSkillSystem generic Amazon bow path;MissileDamageResolver.initializeSkill;MissileCollisionSystem freeze path	AmazonSkillSpecializationTest.elementalArrowsCaptureNativeSkillDamageAndFreezeSemantics;headlessAmazonBow skill=21 boss-freeze gate	OWNERSHIP_CONFIRMED	IMPLEMENTED_TESTED	Ice Arrow freezes from its direct missile packet; it does not own a separate server explosion packet.
22	Guided Arrow	homing_weapon_damage	guided_srcdam128_missile_with_calc1_bonus	Skills.txt#22 Calc1 ln34+SrvMissileA/B+SrcDam128	SrvDo010 creates a target-bound missile and SKILLS_AddDamagePercentBonus installs Calc1 on its weapon snapshot; SrvDo07 steers it and SrvHit10 restricts impact to the locked target	SkillAma.cpp:SKILLS_SrvDo010_GuidedArrow_BoneSpirit;SkillAma.cpp:SKILLS_AddDamagePercentBonus;MissMode.cpp:MISSMODE_SrvDo07_GuidedArrow_BoneSpirit;MISSMODE_SrvHit10_GuidedArrow_BoneSpirit	ServerSkillSystem.spawnGuidedArrow;MissileCollisionSystem guided target gate	AmazonSkillSpecializationTest.guidedArrowCapturesTargetAndStrafeSelectsUniqueTargets;guidedArrowRejectsIncidentalHostileContact;AmazonDamageOwnershipTest.knownFormulaGapsStayBoundToNativeData	OWNERSHIP_CONFIRMED	RIIABLO_GAP	Confirmed gap: native ln34 is 0% at level 1, but the current nonpositive fallback substitutes +5%, inflating the level-one weapon packet.
23	Penetrate	attack_rating_modifier	permanent_passive_stat_state	Skills.txt#23 PassiveState penetrate+PassiveStat item_tohit_percent+ln12	Passive refresh installs the attack-rating percentage and later melee/missile hit records consume it in the attacker profile	D2Common/D2Skills.cpp:SKILLS_RefreshPassiveSkills;SUnitDmg.cpp hit chance path	StateUpdater Amazon passive refresh;AmazonSkills.applyPassiveState;CombatSystem attacker collection	NativeAmazonPassiveDataTest.nativePassiveFormulasMatchAtRepresentativeLevels;passiveStateBridgeUsesNativeStatsAndStateIds	OWNERSHIP_CONFIRMED	IMPLEMENTED_TESTED	Penetrate changes successful-hit probability and therefore delivery, not the damage amount of an already successful packet.
24	Charged Strike	melee_weapon_plus_multi_bolt_lightning_damage	prepared_melee_record_and_independent_skill_bolts	Skills.txt#24 Calc1 bolt count+lightning curve;chargedstrikebolt	SrvSt06 prepares the melee record; SrvDo011 consumes durability and emits Calc1 skill-linked bolts from the victim, each owning the Skills.txt lightning curve without a weapon share	SkillAma.cpp:SKILLS_SrvSt06_PowerStrike_ChargedStrike;SkillAma.cpp:SKILLS_SrvDo011_ChargedStrike	Actioneer prepared melee record;ServerSkillSystem.spawnChargedStrikeBolts;MissileDamageResolver.initializeSkill	AmazonMeleeSkillLifecycleTest.chargedStrikeConsumesTheSamePrecomputedMeleePacketBeforeBoltRelease;AmazonSkillSpecializationTest.chargedStrikeUsesNativeBoltCountAndTargetDirection	OWNERSHIP_CONFIRMED	IMPLEMENTED_TESTED	The melee record and every released bolt are distinct owners; cast total depends on how many bolts collide.
25	Plague Javelin	weapon_hit_and_poison_cloud_ring_damage	root_javelin_plus_periodic_cloud_ring	Skills.txt#25 poison rate/length+SrcDam128;Missiles.txt plaguejavelin/plaguejavcloud	The root javelin carries its weapon hit; SrvHit02 fans out native cloud children and SrvDo03 applies the inherited skill poison packet periodically	Skills.cpp:D2GAME_SKILLS_Handler_6FD12BA0;MissMode.cpp:MISSMODE_SrvHit02_PlagueJavelin_PoisonPotion;MISSMODE_SrvDo03_PoisonCloud_Blizzard_ThunderStorm_HandOfGod	ServerSkillSystem generic elemental javelin path;MissileCollisionSystem plague fan-out and poison cloud lifecycle	AmazonSkillSpecializationTest.plagueJavelinHitFansOutNativePoisonCloudRing;poisonJavelinCreatesPersistentPoisonCloud;headlessAmazonMelee skill=25	OWNERSHIP_CONFIRMED	IMPLEMENTED_TESTED	The root impact and 23 moving cloud children are separate owners; later golden values must distinguish rate, duration and overlapping-target policy.
26	Strafe	sequential_multi_target_weapon_damage	one_srcdam96_weapon_missile_per_animation_keyframe	Skills.txt#26 Calc1/Calc2/Calc3+SrvMissileA/B+SrcDam96	SrvSt08 fixes the shot budget and first target; each SrvDo012 keyframe chooses a target and creates one 96/128 weapon missile with Calc2 damage percent	SkillAma.cpp:SKILLS_SrvSt08_Strafe;SkillAma.cpp:SKILLS_SrvDo012_Strafe;SkillAma.cpp:SKILLS_AddDamagePercentBonus	Actioneer Strafe keyframe lifecycle;ServerSkillSystem.spawnStrafe/createStrafeArrow	AmazonSkillSpecializationTest.guidedArrowCapturesTargetAndStrafeSelectsUniqueTargets;strafeTargetSearchSkipsDeadAndBlockedTargets;headlessAmazonBow skill=26 multi-target and pierce gates	OWNERSHIP_CONFIRMED	IMPLEMENTED_TESTED	Each animation keyframe owns one weapon snapshot; minimum/maximum arrow counts are cast scheduling, not a damage multiplier.
27	Immolation Arrow	weapon_impact_immediate_fire_and_periodic_field_damage	root_arrow_plus_skill_area_and_immolationfire_field	Skills.txt#27 fire curve+SrcDam128;Missiles.txt immolationarrow/immolationfire	The root arrow owns its weapon impact; SrvHit09 creates the fire field and immediate area packet, while SrvDo05/SrvDmg03 own later periodic fire ticks	Skills.cpp:D2GAME_SKILLS_Handler_6FD12BA0;MissMode.cpp:MISSMODE_SrvHit09_ImmolationArrow;MISSMODE_SrvDo05_FireWall_ImmolationFire_MeteorFire_MoltenBoulderFirePath;MISSMODE_SrvDmg03_Blaze_FireWall_ImmolationFire_MeteorFire	MissileCollisionSystem immolation impact and persistent area;MissileDamageResolver skill/periodic snapshots	AmazonSkillSpecializationTest.immolationArrowCreatesPersistentFireField;immolationArrowFireKillsSixHitPointMonster;immolationArrowAppliesImmediateRadiusDamageAtImpact;headlessAmazonBow skill=27	OWNERSHIP_CONFIRMED	IMPLEMENTED_TESTED	Immediate radius fire and later field pulses are different packets and must remain separate in the golden matrix.
28	Dopplezon	no_outgoing_damage	n/a	Skills.txt#28 summon/pettype/petmax+Calc1/Calc2/Calc3	SrvDo015 creates the Decoy, replaces HP from owner Calc3, sets native summon base stats and passive stats, schedules expiry/UMod/overlay and updates AI; the Decoy never attacks	SkillAma.cpp:SKILLS_SrvDo015_Dopplezon;SkillNec.cpp:D2GAME_SKILLS_SetSummonBaseStats_6FD0CB10;D2GAME_SetSummonPassiveStats_6FD0C530	ServerSkillSystem.spawnAmazonSummon;ServerEntityFactory.createSummonedPet	AmazonSkillSpecializationTest.decoyAndValkyrieUseNativeSummonRowsStatsAndStates;headlessAmazonSummon skill=28	OWNERSHIP_CONFIRMED	RIIABLO_GAP	N/A for outgoing damage. Confirmed semantic gap: current spawn sets level, owner-relative HP and duration but omits the native passive-stat/skill/equipment pipeline, the extra Calc1 max-HP scaling, UMod and overlay initialization.
29	Evade	incoming_moving_damage_avoidance	permanent_passive_stat_state	Skills.txt#29 PassiveState evade+PassiveStat passive_evade+dm12	Passive refresh installs moving avoidance; block/dodge resolution gives it priority while the defender is moving before any incoming damage executes	D2Common/D2Skills.cpp:SKILLS_RefreshPassiveSkills;Skills.cpp:sub_6FD10140 block/dodge path	StateUpdater Amazon passive refresh;AmazonSkills.applyPassiveState;DefenseCalculator.checkPassiveDefense	NativeAmazonPassiveDataTest.nativePassiveFormulasMatchAtRepresentativeLevels;AmazonSkillSpecializationTest.passiveDodgeAvoidEvadeUseNativeAttackContext	OWNERSHIP_CONFIRMED	IMPLEMENTED_TESTED	Evade owns damage prevention while moving, not outgoing damage.
30	Fend	multi_target_weapon_damage	one_direct_weapon_record_per_selected_target	Skills.txt#30 Calc1 target cap+Calc2 physical percent+SrcDam128	SrvSt09 chooses distinct nearby targets up to Calc1; each SrvDo013 rolls and allocates one Calc2-modified weapon record, drains durability and advances the target stream	SkillAma.cpp:SKILLS_SrvSt09_Fend;SkillAma.cpp:SKILLS_SrvDo013_Fend_Zeal_Fury	Actioneer.resolveFend/advanceFend;AmazonSkills.getFendHitCount/getPhysicalDamagePercent	AmazonMeleeSkillLifecycleTest.fendUsesNativeCalc1AsAttackCapAndAdvancesDistinctNearbyTargets;fendSkipsADeadFirstTargetBeforeConsumingTheNextStrike	OWNERSHIP_CONFIRMED	IMPLEMENTED_TESTED	Fend owns a sequence of independent weapon records, not one area packet multiplied by target count.
31	Freezing Arrow	weapon_impact_plus_area_cold_freeze_damage	root_weapon_arrow_and_skill_area_child	Skills.txt#31 cold curve/length+SrcDam128;Missiles.txt freezingarrow/freezingarrowexp3	The parent arrow resolves its weapon collision; SrvHit04 creates the explosion child and SrvHit01 applies the skill cold packet and freeze duration independently to every target in radius	Skills.cpp:D2GAME_SKILLS_Handler_6FD12BA0;MissMode.cpp:MISSMODE_SrvHit04_ExplodingArrow_FreezingArrow_RoyalStrikeMeteorCenter;MISSMODE_SrvHit01_Fireball_ExplodingArrow_FreezingArrowExplosion	MissileDamageResolver root/area snapshots;MissileCollisionSystem.spawnAmazonExplosion and freeze path	AmazonSkillSpecializationTest.elementalArrowsCaptureNativeSkillDamageAndFreezeSemantics;freezingArrowFreezesEveryHostileInsideNativeExplosionRadius;headlessAmazonBow skill=31 boss area gate	OWNERSHIP_CONFIRMED	IMPLEMENTED_TESTED	The root weapon hit and per-target cold explosion are separate packets; bosses use the native freeze-duration policy.
32	Valkyrie	summoned_pet_weapon_damage	monstats_attack_plus_summon_passives_skills_and_generated_equipment	Skills.txt#32 summon/pettype/petmax+Calc1/Calc2+PassiveStat/SumSkill;MonStats.txt valkyrie	SrvDo016 creates the pet, applies native level/base stats, passive stats and HP, installs summon skills and generates equipment at Calc2 item level before its monster AI owns later attack records	SkillAma.cpp:SKILLS_SrvDo016_Valkyrie;SkillNec.cpp:D2GAME_SKILLS_SetSummonBaseStats_6FD0CB10;D2GAME_SetSummonPassiveStats_6FD0C530	ServerSkillSystem.spawnAmazonSummon;ServerEntityFactory.createSummonedPet;generic monster combat	AmazonSkillSpecializationTest.decoyAndValkyrieUseNativeSummonRowsStatsAndStates;headlessAmazonSummon skill=32;AmazonDamageOwnershipTest	OWNERSHIP_CONFIRMED	RIIABLO_GAP	Confirmed damage gap: current spawn creates the base monster, level and Valkyrie state but does not install data-driven passive stats/summon skills or native generated equipment, all of which feed pet attack damage.
33	Pierce	repeated_projectile_delivery_modifier	permanent_passive_stat_consumed_by_pierce_capable_missiles	Skills.txt#33 PassiveState pierce+PassiveStat skill_pierce+dm12	Passive refresh installs the chance; a Pierce-capable missile rolls it after a successful hit and may keep the same damage snapshot alive for later targets	D2Common/D2Skills.cpp:SKILLS_RefreshPassiveSkills;Missiles.cpp native Pierce handling	StateUpdater Amazon passive refresh;ServerSkillSystem.configurePierce;MissileCollisionSystem same-projectile hit set	NativeAmazonPassiveDataTest.nativePassiveFormulasMatchAtRepresentativeLevels;AmazonSkillSpecializationTest.piercingAmazonProjectileSkipsCorpseAndReachesNextLiveTarget;headlessAmazonBow pierce gates	OWNERSHIP_CONFIRMED	IMPLEMENTED_TESTED	Pierce does not create new damage; it permits the original missile owner to reach additional targets without replaying one target twice.
34	Lightning Strike	melee_lightning_plus_chain_missile_damage	prepared_melee_record_and_skill_chain_missile	Skills.txt#34 lightning curve+Calc1 range+Calc2 jump count;lightningstrike missile	SrvSt10 rolls the first melee/lightning record; SrvDo014 selects the next target and creates a skill-linked chain missile whose SrvHit12 continues up to Calc2 jumps	SkillAma.cpp:SKILLS_SrvSt10_LightningStrike;SkillAma.cpp:SKILLS_SrvDo014_LightningStrike;MissMode.cpp:MISSMODE_SrvHit12_ChainLightning_LightningStrike	Actioneer Lightning Strike melee record;ServerSkillSystem.spawnLightningStrike;MissileCollisionSystem chain continuation	SpecialSkillEcsScenarioTest lightningStrike scenarios;AmazonSkillSpecializationTest.lightningStrikeUsesNativeRangeAndJumpCalc	OWNERSHIP_CONFIRMED	IMPLEMENTED_TESTED	The initial melee target and later chain targets own separate skill lightning records; the chain count is not multiplied into one target's damage.
35	Lightning Fury	weapon_javelin_plus_split_lightning_damage	root_weapon_missile_and_one_skill_child_per_aura_target	Skills.txt#35 lightning curve+Calc1 count+AuraRange+SrcDam128;lightningfury/furylightning	The generic root javelin owns its weapon+lightning snapshot; SrvHit20 scans the aura filter and creates skill-linked furylightning children for ordered eligible targets	Skills.cpp:D2GAME_SKILLS_Handler_6FD12BA0;MissMode.cpp:MISSMODE_SrvHit20_LightningFury	ServerSkillSystem generic elemental javelin path;MissileCollisionSystem Lightning Fury fan-out;MissileDamageResolver child snapshots	AmazonSkillSpecializationTest.lightningFuryUsesNativeHitFunctionRangeAndBoltCount;lightningFuryAuraTargetsUseNearestFirstOrdering;lightningFuryAuraRejectsBlockedAndNoAuraTargets;headlessAmazonMelee skill=35	OWNERSHIP_CONFIRMED	IMPLEMENTED_TESTED	The root weapon hit and every split bolt are distinct owners; cast total depends on eligible targets and collision results.
